Neighborhood,Benefits,Why Popular,Similar Neighborhoods,Proximity to Parks,Proximity to Restaurants,Proximity to International Schools,Walkability,Proximity to Concertado Schools,Intl School Bus,Proximity to Michelin-Starred Restaurants,Proximity to Top Google-Rated Restaurants,Proximity to Private Medical Centers,Proximity to Family Activities,Cost of Living vs City Avg,Rent Cost vs City Avg,More Affordable Alternatives,Likelihood of Updated Housing,Late Night Environment,Access to Valencia Airport,Car-Free City Access,Proximity to Nature,Access to Outdoor Activities,Proximity to Sporting Events,Proximity to Cultural Events,Walkability Score (0-10),Safety / Crime Score (0-10),Average Rent €/m²,Internet Speed & Reliability (0-10),Pet-Friendliness Score (0-10),Parking Availability (0-10),Public Transport Score (0-10),Development Potential / Growth Score (0-10),Community Engagement / Expat Vibe (0-10),Inside City Limits?,Parent Neighborhood,Tags,Suggested Tags
Ruzafa (Russafa),"Trendy and artsy area with vibrant nightlife, cafes, art galleries. Popular with young expats and creatives. Walkable and close to the city center.","Feels like Brooklyn or Echo Park – full of life, culture, and indie businesses. Many English speakers and community events.","El Carmen, El Cabanyal, Canovas",Moderate – close to Jardines del Turia via walk or bike,Very High – known for its food scene and cafes,Moderate – 15-20 mins by car or bike to top schools,"Very High – compact, flat, pedestrian-friendly","High – multiple concertado schools nearby, including Pureza de María and Colegio Sagrado Corazón","High – well-covered by most international school bus networks (Caxton, American School, British School)",High – near Ricard Camarena Lab (1 star) and other upscale dining options,"Very High – known for a dense concentration of highly rated spots like Nozomi, Fierro, and Dulce de Leche",High – close to Hospital Quirónsalud and Clínica Baviera; many private clinics in Ensanche,"High – close to parks, kid-friendly cafes, Gulliver Park, and cultural centers","High – 15–25% above average due to popularity, nightlife, and centrality",High – 20–30% above city average due to demand and renovated flats,"En Corts, Patraix – similar vibe, walkability, and improving food scenes","High – many renovated flats with modern kitchens, A/C, and open layouts",Overstimulated – vibrant nightlife with noise from bars and clubs until late,"Good – ~20 min by taxi, ~35 min by metro with 1 transfer","Excellent – walkable to city center, bike lanes, multiple bus lines nearby","Good – near Jardines del Turia and Parque Central, no direct beach access","Very Good – bike lanes, walking to Turia Gardens and Parque Central, outdoor fitness options",Good – short metro/bike ride to Mestalla and main city venues,"Very High – frequent art exhibitions, indie theaters, and alternative cultural hubs",9,7,11.5,9,8,5,9,8,10,Yes,Ruzafa (Russafa),"artsy, expat-friendly, green, hipster, nightlife, pet-friendly, up-and-coming, urban, walkable, well-connected","goodTransit, highWalkability, intlSchoolsNearby, isCentro, isUrban, mostlyApartments, petFriendly, urban"
El Carmen,"Historic center with medieval architecture, narrow winding streets, museums, tapas bars, and a bohemian vibe.","Charming, authentic European lifestyle with lots of cultural heritage. Popular with digital nomads and younger singles/couples.","Ruzafa, Benimaclet, La Seu",High – adjacent to Turia Gardens and other plazas,"High – many tapas bars, hidden local gems",Low – not near major international schools,High – charming and walkable with narrow streets,Moderate – several options within walking/biking distance,Moderate – some buses pass through or nearby main roads,Moderate – walkable to central fine dining but fewer direct options,High – many top-rated tapas and fusion restaurants hidden in its winding streets,Moderate – near Hospital General but further from private clinics,"Moderate – historic and cultural activities, but fewer kid-specific amenities",Average – central but older buildings balance costs,Average – central but with older and less modernized apartments,"El Pilar, Botànic – central and historic with slightly lower costs",Moderate – mix of old and new; many apartments lack updates unless flipped,"Overstimulated – popular tourist and nightlife area, especially weekends","Moderate – ~25 min by taxi, ~40 min by metro with transfer",Excellent – fully walkable with access to central metro stations and bikes,Very Good – adjacent to Turia Gardens and near Botanic Garden,"Good – scenic walks through historic center, access to Turia Gardens","Moderate – not directly near stadiums, but reachable via metro","Very High – heart of historic cultural life with museums, galleries, and festivals",8,6,10.0,8,7,4,8,7,9,Yes,El Carmen,"artsy, expat-friendly, historic, nightlife, urban, walkable, well-connected","goodTransit, highWalkability, isCentro, isUrban, moderateWalkability, mostlyApartments, petFriendly, someIntlSchools, urban"
El Cabanyal,"Coastal, artsy area with traditional tile-front houses and a strong local identity. Undergoing gentrification and popular with creatives.","Close to the beach, alternative scene. Good for those seeking a unique, up-and-coming neighborhood with community spirit.","Nazaret, Ruzafa, Monteolivete","Moderate – beachside walking routes, smaller local parks",High – increasing number of hip and traditional eateries,Low – closest schools are a drive away,Moderate – improving but still some uneven infrastructure,Low – fewer concertados nearby; most are further inland,Low – less commonly serviced by international school buses due to location,"Low – not home to starred restaurants, but quick drive to city center options",Moderate – a growing foodie destination with some highly rated modern seafood and paella spots,Moderate – some clinics nearby; closest top-tier private hospitals require a short drive,"High – near the beach, playgrounds, and family events like Cabanyal Intim",Below Average – still gentrifying; 10–15% lower than central average,"Below Average – 10–15% lower, though rising due to development","Nazaret, Malvarrosa – still coastal but more affordable and traditional","Moderate – increasing renovations, but still many older properties","Moderate – lively in summer near beach bars, quieter in shoulder seasons","Moderate – ~30 min by taxi, ~50 min by metro + transfer","Good – metro and tram connections, though longer travel to inland districts",Excellent – walking distance to the beach and seaside promenades,"Excellent – beach jogging, volleyball, surfing, and promenade walking/cycling",Moderate – some access to Levante UD stadium and beach sports events,High – unique artistic culture with events like Cabanyal Íntim and creative spaces,7,7,9.5,7,8,6,7,9,9,Yes,El Cabanyal–Canyamelar,"artsy, beach, expat-friendly, pet-friendly, up-and-coming, urban","goodTransit, highWalkability, isCentro, isUrban, mostlyApartments, nearBeach, petFriendly, urban"
Ensanche (Eixample) / Canovas,"Upscale and elegant, wide boulevards, designer shops, high-end restaurants, and quiet living.","Comparable to the Upper East Side or Beverly Hills. Clean, secure, and family-friendly. Great for professionals and retirees.","Pla del Remei, Gran Vía, El Pla del Real","High – near Turia Gardens, Alameda, and Gran Vía greenways","Very High – upscale dining, brunch spots, wine bars",High – many top international schools within 10-15 minutes,Very High – elegant boulevards and lots of amenities nearby,High – many well-ranked concertados in walking distance,Very High – prime coverage by top school bus routes due to affluence and demand,Very High – walking distance to Michelin-starred restaurants and gourmet hotspots,Very High – elite selection of top-reviewed international and Spanish cuisine,Very High – surrounded by private hospitals and specialty clinics like Quirónsalud and Hospital Casa de Salud,"Very High – walkable to parks, Turia riverbed activities, libraries, and arts centers","Very High – among the most expensive areas, 25–40% above average","Very High – among the most expensive rental zones, up to 40% above average","Arrancapins, Botànic – quieter and cheaper, still close to central amenities",Very High – premium area with consistent updates and luxury renovations,"Moderate – stylish bars and restaurants, but more refined and less rowdy","Good – ~20–25 min by taxi, ~35–40 min by metro","Excellent – centrally located with metro, bus, and walkability","Good – near Turia and Alameda, tree-lined streets and inner courtyards","Very Good – walking, cycling along Turia, close to sports clubs and gyms",Good – walkable or short ride to Mestalla and indoor sporting clubs,"Very High – near Palau de la Música, galleries, and upscale event spaces",9,8,12.0,9,9,6,9,7,8,Yes,Ensanche (Eixample) / Canovas,"expat-friendly, family-friendly, pet-friendly, urban, very-safe, walkable, well-connected","goodTransit, highWalkability, intlSchoolsNearby, isCentro, isUrban, mostlyApartments, petFriendly, urban"
Benimaclet,"Laid-back, youthful, with a village feel. A mix of students, artists, and expats. Great bike access and community events.","Affordable, walkable, alternative vibe similar to Austin or Portland neighborhoods. Multicultural and authentic.","Patraix, El Carmen, Ruzafa","Moderate – some local green areas, bike-friendly to Turia","Moderate – more casual and local dining, some hidden gems",Moderate – access via public transport or bike possible,High – village feel with strong bike and pedestrian paths,Moderate – access via bike/metro to schools in La Saïdia and center,"Moderate – accessible via a few bus routes, but not heavily serviced",Low – few high-end dining options nearby,"Moderate – few standout local spots, but fewer gourmet experiences",Moderate – a few clinics and short bike ride to major facilities,"Moderate – community events and parks, but fewer formal attractions","Below Average – affordable with student influence, ~10% below average","Below Average – 10% below city average, student demand keeps prices balanced","Patraix, Torrefiel – alternative and multicultural, but more affordable",Moderate – student housing keeps some properties basic; updated units exist but less common,"Moderate – youthful scene, student gatherings, but calm side streets exist","Good – direct metro line 3 to airport, ~30 min ride","Very Good – direct metro and tram lines, excellent bike connectivity","Good – green routes to Turia, small local parks, and urban gardens","Very Good – great bike network, outdoor plazas, close to university sports fields",Very Good – close to university sports centers and Mestalla stadium,"High – known for independent culture, bookshops, concerts, and activism",8,7,9.0,8,8,5,8,8,9,Yes,Benimaclet,"affordable, artsy, expat-friendly, hipster, pet-friendly, student, up-and-coming, urban, walkable, well-connected","goodTransit, highWalkability, isCentro, isUrban, moderateWalkability, mostlyApartments, petFriendly, someIntlSchools, urban"
El Pla del Real,"Green, spacious, and close to parks and universities. Home to many professionals and families.","Quiet, safe, and close to schools and stadiums. Ideal for families with children or retirees wanting peace near amenities.","Camins al Grau, Mestalla, Exposició","High – next to Jardines del Real (Viveros), Monforte Gardens",Moderate – student and family-friendly restaurants,High – near international schools and university district,"High – spacious streets, safe for walking",High – near highly ranked concertado schools and international options,High – well-serviced due to proximity to universities and major arteries,Moderate – short ride or walk to gourmet destinations in Ensanche,High – near well-reviewed establishments around Alameda and university area,High – close to Clínica Quirón and university hospitals,"High – next to large green spaces, museums, and family-friendly cafés","High – family-friendly and near institutions, 10–20% above average","High – family-friendly and near universities, 10–20% above average","Benimaclet, Campanar – family-friendly with green spaces, but cheaper",High – family homes and university-related apartments often well-maintained,"Serene – quiet at night, residential and near university buildings","Good – direct metro or short transfer, ~25–35 min total","Very Good – strong metro and bus links, plus bike lanes to center",Very Good – next to Jardines de Viveros and Monforte Gardens,"Excellent – access to Viveros Park, Turia, tennis and football centers",Excellent – walking distance to Mestalla (Valencia CF) and tennis centers,High – close to cultural venues like Palau de la Música and university events,8,8,10.5,9,9,6,9,7,8,Yes,El Pla Del Real,"expat-friendly, family-friendly, green, pet-friendly, urban, very-safe, walkable, well-connected","goodTransit, highWalkability, intlSchoolsNearby, isCentro, isUrban, moderateWalkability, mostlyApartments, petFriendly, urban"
Campanar,"Suburban feel with modern amenities, shopping centers, and the Bioparc zoo nearby. Great public transport links.",Good for those who want a quieter life but still be connected. Modern buildings and value for money.,"Nou Moles, La Olivereta, L'Olivereta",Moderate – near Cabecera Park and Bioparc,Moderate – shopping mall dining options and local cafes,Moderate – 15-20 minutes by car to school zones,"Moderate – more suburban layout, good sidewalks",Moderate – good car access to concertados in Zaidía or Benicalap,"Moderate – some routes service this area, especially for families",Moderate – near Ricard Camarena (1 star) in the Bombas Gens area,Moderate – access to high-rated dining around Nuevo Centro and Bioparc areas,High – near Hospital 9 de Octubre and IMED Valencia,"Very High – Bioparc, Parque de Cabecera, and family shopping/dining nearby",Average – good value for space and amenities; aligned with average,"Average – newer buildings and space for price, aligned with average","Benicalap, La Olivereta – spacious, suburban, and budget-friendly",High – newer developments and renovated flats common,Serene – suburban feel with few late-night distractions,"Excellent – ~15 min by taxi, direct metro line (~25 min)","Good – served by metro, tram, and large bus routes","Very Good – near Bioparc and Parque de Cabecera, open riverbed space","Excellent – Bioparc, Parque de Cabecera, river paths, running and cycling tracks","Moderate – near Bioparc and gyms, but further from football venues",Moderate – local events and access to Bioparc’s cultural programs,7,9,9.5,8,8,7,8,6,7,Yes,Campanar,"pet-friendly, urban, very-safe, well-connected","easyParking, goodTransit, hasYard, highWalkability, isCentro, isUrban, mostlyApartments, petFriendly, someIntlSchools, urban"
Patraix,Traditional and quiet with a local feel. More affordable housing and a strong sense of community.,Feels very 'real Valencia' – charming and less touristy. Good for longer-term residents or families.,"Benimaclet, Campanar, La Saïdia",Moderate – some local plazas and short ride to Turia,"Low to Moderate – more traditional, neighborhood-focused dining",Moderate – decent access to schools via metro or bus,"Moderate – calm streets, less central but accessible",Moderate – several local concertado schools nearby,"Moderate – covered by a few school bus routes, especially near major streets","Low – more local cuisine and traditional food, not starred venues","Moderate – strong for traditional Spanish and family-run favorites, few trendy places","Moderate – access to private hospitals via main roads, especially toward Extramurs","Moderate – local parks and community centers, fewer large attractions","Below Average – more traditional and quiet, 10–15% below average","Below Average – traditional neighborhood, 10–20% below city average","Torrefiel, La Saïdia – similar local feel with more budget options","Moderate – affordable housing often lacks upgrades, though renovations are increasing","Serene – strong local community, very little nightlife noise","Good – ~20 min by taxi, ~35 min by metro or bus","Moderate – served by metro line and some buses, slightly less walkable","Moderate – some local plazas and green corners, further from large parks","Moderate – some local parks and plazas, access to bike lanes",Moderate – metro/bus access to city stadiums and events,"Moderate – local fiestas and cultural centers, fewer major venues",6,8,8.5,8,7,6,7,6,6,Yes,Patraix,"affordable, urban, very-safe","goodTransit, greenAccess, hasYard, highWalkability, isCentro, isUrban, mostlyApartments, petFriendly, someIntlSchools, urban"
El Botànic,"Peaceful and green, near the Jardí Botànic and old city walls. Quieter part of the city center with access to culture.","Green, central, and less crowded. Great for walkers and those wanting calm but central living.","El Carmen, La Saïdia, El Pilar",High – next to the Botanical Garden and Turia Gardens,Moderate – local cafes and easy walk to Ruzafa or El Carmen,Moderate – 15 mins to major schools,High – central with well-connected streets and paths,High – walkable to several high-performing concertado schools in the center,Moderate – walkable to pick-up points near the center,Moderate – walkable to Ricard Camarena and city center dining,High – walkable to top-rated restaurants in El Carmen and Ruzafa,Moderate – central location with access to private clinics via metro or short walk,"High – adjacent to the Botanical Garden, Turia activities, and museums","Average – well-located but not as trendy, costs align with city mean","Average – moderate rental demand, pricing aligned with city average","El Pilar, Arrancapins – central, cultural, and less expensive",Moderate – mix of old and new buildings; some stylish flips,"Serene – central but peaceful, near gardens and away from club zones","Good – near metro line 1 or 3, ~30 min to airport",Very Good – walkable and near multiple metro lines,Excellent – right next to the Botanical Garden and Turia river park,Very Good – near Turia park and Botanical Garden with walking paths,Moderate – central location makes stadiums accessible by metro,"High – near IVAM, Botanical Garden events, and central museum district",8,8,10.0,9,8,5,8,7,7,Yes,El Botànic,"artsy, green, pet-friendly, urban, very-safe, walkable, well-connected","goodTransit, moderateWalkability, mostlyApartments, petFriendly, someIntlSchools, urban"
El Pilar (Velluters),Historic charm with fewer tourists. Known for artisan shops and traditional feel. Central location.,Affordable for a central neighborhood. Feels authentic with easy access to everything.,"El Carmen, El Botànic, La Xerea",Moderate – close to Turia Gardens and small plazas,High – near central dining options and Mercado Central,Moderate – 15-20 mins to top schools,High – narrow streets but fully walkable and bike-friendly,Moderate – close to concertado options in central Valencia,Moderate – some access to school bus routes along main roads,Moderate – some upscale restaurants reachable by foot or quick drive,Moderate – walkable to many highly rated places near Mercado Central and center,Moderate – good proximity to Hospital General and a few private specialists,"Moderate – cultural sites nearby, but less focused on child-friendly spaces","Below Average – lesser-known and quieter, 5–10% below average","Below Average – small, central, and less trendy, ~10% below average","Botànic, En Corts – traditional and walkable without the premium","Moderate – many older buildings, some updated, but inconsistent",Serene – quiet at night with minimal tourist or nightlife traffic,"Moderate – ~25–30 min by taxi, ~40–45 min by metro","Very Good – close to Estació del Nord, walkable to most city areas",Moderate – near plazas and a short walk to Turia Gardens,"Good – walkable to central plazas and Turia, but fewer dedicated routes","Moderate – some distance from stadiums, but metro accessible",High – near cultural sites in El Carmen and central arts venues,7,7,9.0,8,7,5,8,6,6,Yes,Ciutat Vella,"affordable, artsy, historic, urban, well-connected","goodTransit, greenAccess, hasYard, moderateWalkability, mostlyApartments, petFriendly, someIntlSchools, urban"
En Corts,Residential with local charm and increasing investment. Close to Ruzafa but quieter.,Affordable alternative to Ruzafa with many of the same benefits. Great for families or longer stays.,"Monteolivete, Malilla, Ruzafa",Moderate – near Parque Central and Jardín de las Hespérides,Moderate – mix of traditional and modern eateries,Moderate – ~20 mins to most schools,Moderate – walkable but more spread out,Moderate – nearby concertados like Colegio María Inmaculada,Moderate – routes from Ruzafa or Monteolivete sometimes extend here,"Low – not a hub for Michelin-rated spots, though Ruzafa is nearby","Moderate – up-and-coming scene near Ruzafa influences, but still limited",Moderate – short drive to private hospitals in Ensanche or Monteolivete,Moderate – close to Parque Central and near child-friendly venues in Ruzafa,Average – transitional zone; prices vary but align closely with city,Average – rental prices rising but still near city average,"Patraix, Monteolivete – nearby, similar amenities, more local pricing","Moderate – growing investment means more updated flats, but still mixed","Moderate – some spillover from Ruzafa nightlife, generally residential","Moderate – ~25 min by taxi, ~40 min by metro + transfer","Good – improving metro/bus access, close to city center and bikeable","Good – near Parque Central, walkable to Turia in ~15 mins","Good – near Parque Central, walkable to Turia, but less developed for sports",Good – bike or short drive to Mestalla and other venues,Moderate – growing scene but still reliant on Ruzafa and center for major events,7,7,9.5,8,7,6,7,7,6,Yes,En Corts,"artsy, urban","goodTransit, mostlyApartments, petFriendly, someIntlSchools, urban"
Gran Vía,"Elegant and upscale with modernist architecture, boutique shops, and cafes. Very desirable address.","Feels like parts of Madrid or Paris – elegant, clean, and close to everything. Ideal for professionals.","Ensanche, Pla del Remei, Canovas",High – close to Turia Gardens and Alameda,"Very High – fine dining, cafes, and markets",High – quick access to most major schools,Very High – tree-lined boulevards and wide sidewalks,High – access to top-rated concertado schools in Ensanche area,Very High – fully serviced by top international schools due to demand and income levels,Very High – top concentration of Michelin-quality and starred restaurants,Very High – features many of the city’s most reviewed and celebrated eateries,"Very High – premium access to private hospitals, specialists, and clinics","High – proximity to Turia, kids' events, and high-end leisure activities","Very High – elite pricing, 30–40% above city average","Very High – elite area with premium rentals, 30–40% above average","Arrancapins, Botànic – walkable, elegant, but significantly cheaper",Very High – luxury updates are the norm; modern amenities expected,Moderate – elegant night scene but quieter after dinner hours,"Good – direct or easy transfer by metro/taxi, ~25–30 min","Excellent – wide pedestrian boulevards, metro/bus coverage, bike access","Very Good – near Turia river, Alameda, and several pocket parks","Very Good – jogging paths, access to Turia, tennis and wellness centers",Very Good – close to sporting venues in Pla del Real and university area,"Very High – central location near theaters, concert halls, and galleries",9,9,12.5,9,9,6,9,8,8,Yes,Gran Vía,"artsy, expat-friendly, pet-friendly, up-and-coming, urban, very-safe, walkable, well-connected","goodTransit, highWalkability, intlSchoolsNearby, mostlyApartments, petFriendly, urban"
Benicalap,"More suburban with affordable housing, sports complexes, and local culture. Less touristy.",Best for budget-conscious expats or those seeking authentic local life. Near big green areas.,"Campanar, Torrefiel, Nou Moles",High – Benicalap Park is a major green space,Moderate – mostly local spots and tapas bars,Moderate – schools reachable by car,Moderate – residential layout with local squares,Moderate – several neighborhood-based concertados nearby,Low – some reach but not a major focus of school bus coverage,Low – limited access to gourmet cuisine nearby,"Low – more focused on local spots, not a hotspot for top-rated venues",Low – mostly served by public hospitals; few private options nearby,High – features large park with water play zones and sports areas,"Low – working-class and suburban, 15–25% below average","Low – 15–25% below average, older buildings and fewer amenities","Torrefiel, La Olivereta – similar suburban profile with good transport","Low – older buildings, fewer renovated flats unless in new developments","Serene – residential and family-focused, little nightlife activity","Excellent – ~15 min by car, good metro/bus connections","Moderate – metro and tram available, but spread-out layout",Very Good – home to one of the largest local parks with sports zones,"Very Good – home to Benicalap Park with courts, pools, and running paths",Good – near Levante UD stadium and several public sports centers,"Moderate – local community festivals, fewer major cultural institutions",6,7,8.0,7,7,7,7,6,6,Yes,Benicalap,"affordable, green, urban","easyParking, goodTransit, hasYard, highWalkability, isCentro, isUrban, mostlyApartments, petFriendly, urban"
Arrancapins,Well-connected and affordable. Close to the train station and good for professionals commuting.,More value for money while staying central. Good for those who want proximity without the price of Ruzafa.,"La Petxina, L’Olivereta, Extramurs",Moderate – walkable to Turia and smaller green areas,High – close to Ruzafa and city center options,Moderate – accessible by metro or car,High – grid-like streets and solid infrastructure,High – centrally located with good access to multiple concertado schools,High – close to major central corridors used by school buses,Moderate – central enough to reach starred restaurants in 10–15 minutes,High – good access to highly rated central eateries and Ruzafa selections,High – walking distance to Hospital Casa de Salud and other city-center clinics,Moderate – some plazas and easy access to Turia via Estació del Nord corridor,Average – balanced mix of affordability and location,"Average – central, modestly priced rentals; near public transport","Patraix, El Pilar – central but not trendy, and more affordable still",High – good mix of older buildings with modernized interiors,"Moderate – centrally located with a few bars, but not a nightlife hub","Good – near main stations, ~20–30 min by public transport","Very Good – near train station, metro stops, and bike lanes","Moderate – fewer natural areas within neighborhood, close to Estació Nord","Good – some access to open spaces and bike lanes, less direct than others","Moderate – metro access to stadiums, but not walkable distance","High – near Teatro Olympia, Estación del Norte, and central cultural venues",7,8,9.5,8,8,6,8,7,7,Yes,Arrancapins,"pet-friendly, urban, very-safe, well-connected","goodTransit, greenAccess, hasYard, highWalkability, intlSchoolsNearby, isCentro, isUrban, moderateWalkability, mostlyApartments, petFriendly, urban"
Rocafort,"Quiet, upscale suburb with green space and international school access","Popular for families seeking space, safety, and access to Cambridge/Rochester schools","Godella, La Canyada, Campolivar",High – near Parque de la Concordia and greenbelt zones,"Moderate – local Spanish cuisine, some international options","Very High – near Cambridge House, Julio Verne, and Iale School","Moderate – suburban layout, walkable town center",High – well-known semi-private schools within Rocafort and Godella,High – major suburban school routes stop in Rocafort and Godella,"Low – few or no starred restaurants, city center is 20–30 mins away","Moderate – access to top-rated traditional and family-run spots, but limited diversity","Moderate – some private clinics, major hospitals accessible by car","Moderate – local parks, sports centers, and community events available",Below Average – typically 10–25% cheaper than central neighborhoods,Below Average – rental rates ~20% lower than city center average,Comparable – these areas are already among the most affordable options,"Moderate – mix of older homes and newer developments, more upgrades in newer zones",Serene – quiet residential streets with limited nightlife,"Good – most under 25 mins by car or metro, especially Manises and Aldaia","Moderate – suburban rail or metro available in most areas, but cars still common","High – many suburbs offer access to green zones, gardens, or nearby countryside","High – greenways, walking trails, and municipal sports centers are common","Moderate – must travel to city stadiums, though local clubs and venues exist",Moderate – access to local events and quick train or metro ride to city culture,7,9,8.0,9,7,7,8,7,7,No – Suburban Pueblo,Rocafort,"affordable, family-friendly, green, suburban, very-safe, well-connected","commuterSuburb, easyParking, goodTransit, hasYard, intlSchoolsNearby, isPueblo, lowWalkability, mostlyApartments, nearNature, petFriendly, urban"
Burjassot,"Affordable, well-connected suburb with local charm and metro access",Attractive for budget-conscious expats with metro and tram access to the center,"Mislata, Quart de Poblet, Benimamet",Moderate – access to small parks and gardens,Moderate – growing mix of traditional and casual eateries,Moderate – 20–25 mins to international schools by car or metro,"High – compact, walkable town core and good sidewalks",Moderate – several schools across nearby neighborhoods,Moderate – some routes pass through or near Burjassot,"Low – few or no starred restaurants, city center is 20–30 mins away","Moderate – access to top-rated traditional and family-run spots, but limited diversity","Moderate – some private clinics, major hospitals accessible by car","Moderate – local parks, sports centers, and community events available",Below Average – typically 10–25% cheaper than central neighborhoods,Below Average – rental rates ~20% lower than city center average,Comparable – these areas are already among the most affordable options,"Moderate – mix of older homes and newer developments, more upgrades in newer zones",Serene – quiet residential streets with limited nightlife,"Good – most under 25 mins by car or metro, especially Manises and Aldaia","Moderate – suburban rail or metro available in most areas, but cars still common","High – many suburbs offer access to green zones, gardens, or nearby countryside","High – greenways, walking trails, and municipal sports centers are common","Moderate – must travel to city stadiums, though local clubs and venues exist",Moderate – access to local events and quick train or metro ride to city culture,7,8,8.0,8,6,8,7,6,6,No – Suburban Pueblo,Burjassot,"affordable, suburban, very-safe","commuterSuburb, easyParking, goodTransit, hasYard, isPueblo, lowWalkability, moderateWalkability, mostlyApartments, nearNature, someIntlSchools, urban"
Patacona,"Beachfront living just north of Valencia, relaxed and walkable",Loved by beach-focused expats who want a coastal feel without tourists,"Alboraya, Malvarrosa, Cabanyal","High – direct access to beach, promenades, and open coastal parks","High – beachfront restaurants, tapas, and horchaterías",Moderate – 20–30 mins to city schools or suburban options,Very High – flat and highly walkable beach neighborhood,Moderate – access to Alboraya and city schools,Moderate – beach areas often require pick-up at meeting points,"Low – few or no starred restaurants, city center is 20–30 mins away","Moderate – access to top-rated traditional and family-run spots, but limited diversity","Moderate – some private clinics, major hospitals accessible by car","Moderate – local parks, sports centers, and community events available",Below Average – typically 10–25% cheaper than central neighborhoods,Below Average – rental rates ~20% lower than city center average,Comparable – these areas are already among the most affordable options,"Moderate – mix of older homes and newer developments, more upgrades in newer zones",Serene – quiet residential streets with limited nightlife,"Good – most under 25 mins by car or metro, especially Manises and Aldaia","Moderate – suburban rail or metro available in most areas, but cars still common","High – many suburbs offer access to green zones, gardens, or nearby countryside","High – greenways, walking trails, and municipal sports centers are common","Moderate – must travel to city stadiums, though local clubs and venues exist",Moderate – access to local events and quick train or metro ride to city culture,8,7,8.0,9,5,7,8,7,7,Yes,Patacona,"affordable, beach, urban, walkable, well-connected","easyParking, goodTransit, hasYard, highWalkability, mostlyApartments, nearNature, someIntlSchools, urban"
Mislata,Densely populated inner suburb with great transport and affordability,Preferred by working expats wanting affordable housing and easy metro access,"Burjassot, Quart de Poblet, Campanar","Moderate – local plazas and parkettes, close to Turia via metro",Moderate – value-focused restaurants and food delivery,Moderate – metro access to school bus stops and city-based schools,"High – urban street grid, good pedestrian infrastructure",High – dense school zone including concertado centers,Moderate – central enough for route extensions,"Low – few or no starred restaurants, city center is 20–30 mins away","Moderate – access to top-rated traditional and family-run spots, but limited diversity","Moderate – some private clinics, major hospitals accessible by car","Moderate – local parks, sports centers, and community events available",Below Average – typically 10–25% cheaper than central neighborhoods,Below Average – rental rates ~20% lower than city center average,Comparable – these areas are already among the most affordable options,"Moderate – mix of older homes and newer developments, more upgrades in newer zones",Serene – quiet residential streets with limited nightlife,"Good – most under 25 mins by car or metro, especially Manises and Aldaia","Moderate – suburban rail or metro available in most areas, but cars still common","High – many suburbs offer access to green zones, gardens, or nearby countryside","High – greenways, walking trails, and municipal sports centers are common","Moderate – must travel to city stadiums, though local clubs and venues exist",Moderate – access to local events and quick train or metro ride to city culture,7,7,8.0,8,6,8,6,6,6,Yes,Mislata,"affordable, urban","easyParking, hasYard, moderateWalkability, mostlyApartments, nearNature, someIntlSchools, urban"
Bétera,"Scenic hillside town with access to nature, larger homes, and peace","Appealing to those prioritizing nature, hiking, and low-density living","La Canyada, Llíria, Náquera","Very High – surrounded by natural parks, hiking trails, and pine forests","Low – mainly residential, few dining destinations",Low – further from main international campuses,"Moderate – walkable core, but car needed outside center",Moderate – local schools and access to suburban institutions,"Low – limited coverage, typically requires parent drop-off","Low – few or no starred restaurants, city center is 20–30 mins away","Moderate – access to top-rated traditional and family-run spots, but limited diversity","Moderate – some private clinics, major hospitals accessible by car","Moderate – local parks, sports centers, and community events available",Below Average – typically 10–25% cheaper than central neighborhoods,Below Average – rental rates ~20% lower than city center average,Comparable – these areas are already among the most affordable options,"Moderate – mix of older homes and newer developments, more upgrades in newer zones",Serene – quiet residential streets with limited nightlife,"Good – most under 25 mins by car or metro, especially Manises and Aldaia","Moderate – suburban rail or metro available in most areas, but cars still common","High – many suburbs offer access to green zones, gardens, or nearby countryside","High – greenways, walking trails, and municipal sports centers are common","Moderate – must travel to city stadiums, though local clubs and venues exist",Moderate – access to local events and quick train or metro ride to city culture,6,7,7.0,8,7,6,8,6,6,No – Suburban Pueblo,Bétera,"affordable, green, suburban, well-connected","commuterSuburb, easyParking, goodTransit, hasYard, isPueblo, lowWalkability, mostlyApartments, nearNature, petFriendly, urban"
Llíria,"Historic inland town with hiking access, thermal baths, and peaceful life",Favored by those seeking affordable property and nature over nightlife,"Bétera, Náquera, Serra","High – access to natural parks, mountain trails, and green space","Moderate – mostly traditional eateries, some international",Low – far from most international school campuses,Low – spread-out town requiring car for most errands,Moderate – some local options in town or nearby,"Low – not widely serviced, private transport common","Low – few or no starred restaurants, city center is 20–30 mins away","Moderate – access to top-rated traditional and family-run spots, but limited diversity","Moderate – some private clinics, major hospitals accessible by car","Moderate – local parks, sports centers, and community events available",Below Average – typically 10–25% cheaper than central neighborhoods,Below Average – rental rates ~20% lower than city center average,Comparable – these areas are already among the most affordable options,"Moderate – mix of older homes and newer developments, more upgrades in newer zones",Serene – quiet residential streets with limited nightlife,"Good – most under 25 mins by car or metro, especially Manises and Aldaia","Moderate – suburban rail or metro available in most areas, but cars still common","High – many suburbs offer access to green zones, gardens, or nearby countryside","High – greenways, walking trails, and municipal sports centers are common","Moderate – must travel to city stadiums, though local clubs and venues exist",Moderate – access to local events and quick train or metro ride to city culture,6,6,7.0,7,6,6,6,5,5,Yes,Llíria,"affordable, green, historic, nightlife, urban","hasYard, lowWalkability, mostlyApartments, nearNature, urban"
La Canyada,"Green suburban area ideal for families, large homes, and fresh air","Popular with expat families seeking quiet, safety, and suburban living","Rocafort, Bétera, La Eliana","Very High – forested environment, many trails and picnic areas",Low – mainly residential with a few local restaurants,"High – near Iale, British College La Cañada, and Cambridge House","Moderate – walkable center, car needed outside",High – several semi-private schools in area,High – on key suburban school bus lines,"Low – few or no starred restaurants, city center is 20–30 mins away","Moderate – access to top-rated traditional and family-run spots, but limited diversity","Moderate – some private clinics, major hospitals accessible by car","Moderate – local parks, sports centers, and community events available",Below Average – typically 10–25% cheaper than central neighborhoods,Below Average – rental rates ~20% lower than city center average,Comparable – these areas are already among the most affordable options,"Moderate – mix of older homes and newer developments, more upgrades in newer zones",Serene – quiet residential streets with limited nightlife,"Good – most under 25 mins by car or metro, especially Manises and Aldaia","Moderate – suburban rail or metro available in most areas, but cars still common","High – many suburbs offer access to green zones, gardens, or nearby countryside","High – greenways, walking trails, and municipal sports centers are common","Moderate – must travel to city stadiums, though local clubs and venues exist",Moderate – access to local events and quick train or metro ride to city culture,7,8,8.0,9,7,7,7,7,7,Yes,La Canyada,"affordable, green, urban, very-safe","easyParking, goodTransit, hasYard, intlSchoolsNearby, mostlyApartments, nearNature, petFriendly, urban"
Godella,Charming town near Rocafort with good schools and calm community,Valued for its proximity to international schools and residential charm,"Rocafort, La Canyada, Campolivar","High – surrounded by trees, quiet gardens, and open spaces",Moderate – small-town dining with decent variety,High – short drive or bus ride to top international schools,High – compact layout with good foot access,High – near many top concertado schools,High – routes from Godella to multiple private schools,"Low – few or no starred restaurants, city center is 20–30 mins away","Moderate – access to top-rated traditional and family-run spots, but limited diversity","Moderate – some private clinics, major hospitals accessible by car","Moderate – local parks, sports centers, and community events available",Below Average – typically 10–25% cheaper than central neighborhoods,Below Average – rental rates ~20% lower than city center average,Comparable – these areas are already among the most affordable options,"Moderate – mix of older homes and newer developments, more upgrades in newer zones",Serene – quiet residential streets with limited nightlife,"Good – most under 25 mins by car or metro, especially Manises and Aldaia","Moderate – suburban rail or metro available in most areas, but cars still common","High – many suburbs offer access to green zones, gardens, or nearby countryside","High – greenways, walking trails, and municipal sports centers are common","Moderate – must travel to city stadiums, though local clubs and venues exist",Moderate – access to local events and quick train or metro ride to city culture,7,8,8.0,8,6,7,7,6,6,No – Suburban Pueblo,Godella,"affordable, family-friendly, suburban, very-safe","commuterSuburb, easyParking, goodTransit, hasYard, intlSchoolsNearby, isPueblo, lowWalkability, moderateWalkability, mostlyApartments, nearNature, urban"
Paiporta,Affordable and well-connected commuter town south of Valencia,Attractive to those looking for metro access and low cost of living,"Torrent, Benetússer, Sedaví","Moderate – local plazas and greenways, but few large parks",Moderate – value restaurants and casual tapas bars,Moderate – school buses reach from nearby pickup points,"Moderate – some areas walkable, others car-dependent",Moderate – decent selection in town and nearby,Moderate – some coverage depending on school,"Low – few or no starred restaurants, city center is 20–30 mins away","Moderate – access to top-rated traditional and family-run spots, but limited diversity","Moderate – some private clinics, major hospitals accessible by car","Moderate – local parks, sports centers, and community events available",Below Average – typically 10–25% cheaper than central neighborhoods,Below Average – rental rates ~20% lower than city center average,Comparable – these areas are already among the most affordable options,"Moderate – mix of older homes and newer developments, more upgrades in newer zones",Serene – quiet residential streets with limited nightlife,"Good – most under 25 mins by car or metro, especially Manises and Aldaia","Moderate – suburban rail or metro available in most areas, but cars still common","High – many suburbs offer access to green zones, gardens, or nearby countryside","High – greenways, walking trails, and municipal sports centers are common","Moderate – must travel to city stadiums, though local clubs and venues exist",Moderate – access to local events and quick train or metro ride to city culture,6,7,7.0,7,7,6,6,5,5,No – Suburban Pueblo,Paiporta,"affordable, suburban","commuterSuburb, easyParking, hasYard, isPueblo, lowWalkability, mostlyApartments, nearNature, petFriendly, someIntlSchools, urban"
Torrent,Large self-contained suburb with city services and metro access,"Appeals to expats wanting a balance of services, schools, and affordability","Paiporta, Picanya, Xirivella",High – access to Parc Central de Torrent and neighborhood gardens,High – full range of food options including chains and local spots,Moderate – access to school bus routes and metro-linked options,High – walkable town center and suburban streets,High – multiple local concertado schools,Moderate – suburban routes may pass through Torrent,"Low – few or no starred restaurants, city center is 20–30 mins away","Moderate – access to top-rated traditional and family-run spots, but limited diversity","Moderate – some private clinics, major hospitals accessible by car","Moderate – local parks, sports centers, and community events available",Below Average – typically 10–25% cheaper than central neighborhoods,Below Average – rental rates ~20% lower than city center average,Comparable – these areas are already among the most affordable options,"Moderate – mix of older homes and newer developments, more upgrades in newer zones",Serene – quiet residential streets with limited nightlife,"Good – most under 25 mins by car or metro, especially Manises and Aldaia","Moderate – suburban rail or metro available in most areas, but cars still common","High – many suburbs offer access to green zones, gardens, or nearby countryside","High – greenways, walking trails, and municipal sports centers are common","Moderate – must travel to city stadiums, though local clubs and venues exist",Moderate – access to local events and quick train or metro ride to city culture,6,7,7.0,7,6,7,7,6,6,No – Suburban Pueblo,Torrent,"affordable, family-friendly, suburban","commuterSuburb, easyParking, goodTransit, hasYard, isPueblo, lowWalkability, moderateWalkability, mostlyApartments, nearNature, someIntlSchools, urban"
Natzaret,"Harbor-side neighborhood undergoing redevelopment, close to arts district",Popular with artists and those seeking affordable rents near the beach,"Cabanyal, Malilla, Grau",Moderate – some access to green spaces and riverside path development,Moderate – casual bars and local eateries,"Low – furthest point from major schools, long drive required",Moderate – redeveloping streetscape with limited commercial density,Low – limited local presence,Low – generally not included on routes,"Low – few or no starred restaurants, city center is 20–30 mins away","Moderate – access to top-rated traditional and family-run spots, but limited diversity","Moderate – some private clinics, major hospitals accessible by car","Moderate – local parks, sports centers, and community events available",Below Average – typically 10–25% cheaper than central neighborhoods,Below Average – rental rates ~20% lower than city center average,Comparable – these areas are already among the most affordable options,"Moderate – mix of older homes and newer developments, more upgrades in newer zones",Serene – quiet residential streets with limited nightlife,"Good – most under 25 mins by car or metro, especially Manises and Aldaia","Moderate – suburban rail or metro available in most areas, but cars still common","High – many suburbs offer access to green zones, gardens, or nearby countryside","High – greenways, walking trails, and municipal sports centers are common","Moderate – must travel to city stadiums, though local clubs and venues exist",Moderate – access to local events and quick train or metro ride to city culture,5,6,6.0,6,5,5,7,4,4,Yes,Natzaret,"affordable, artsy, beach, urban","goodTransit, hasYard, lowWalkability, mostlyApartments, nearNature, urban"
Alboraya,Historic horchata town with beach access and short metro ride to Valencia,Great for beach lovers and families who want space near the city,"Patacona, Cabanyal, Almassera","High – close to beach, palm-lined parks, and greenbelt","High – beachfront dining, horchaterías, tapas bars",Moderate – access to suburban schools via car or bus,High – compact beach village structure,Moderate – Alboraya and surrounding areas have access,Moderate – meeting points may exist at metro hubs,"Low – few or no starred restaurants, city center is 20–30 mins away","Moderate – access to top-rated traditional and family-run spots, but limited diversity","Moderate – some private clinics, major hospitals accessible by car","Moderate – local parks, sports centers, and community events available",Below Average – typically 10–25% cheaper than central neighborhoods,Below Average – rental rates ~20% lower than city center average,Comparable – these areas are already among the most affordable options,"Moderate – mix of older homes and newer developments, more upgrades in newer zones",Serene – quiet residential streets with limited nightlife,"Good – most under 25 mins by car or metro, especially Manises and Aldaia","Moderate – suburban rail or metro available in most areas, but cars still common","High – many suburbs offer access to green zones, gardens, or nearby countryside","High – greenways, walking trails, and municipal sports centers are common","Moderate – must travel to city stadiums, though local clubs and venues exist",Moderate – access to local events and quick train or metro ride to city culture,8,8,9.0,9,6,8,8,7,7,No – Suburban Pueblo,Alboraya,"affordable, beach, historic, suburban, very-safe, walkable, well-connected","easyParking, goodTransit, hasYard, moderateWalkability, mostlyApartments, nearNature, someIntlSchools, urban"
Manises,Well-connected airport town with mix of apartments and single-family homes,Convenient for frequent travelers and remote workers needing airport access,"Quart de Poblet, Mislata, Aldaia",Moderate – urban plazas and airport-side walking areas,"Moderate – mix of chains, traditional restaurants, and cafes","Moderate – near school bus routes, short drive to several schools","Moderate – some areas walkable, others car-dependent",Moderate – some suburban schools reachable,Moderate – served by some airport corridor routes,"Low – few or no starred restaurants, city center is 20–30 mins away","Moderate – access to top-rated traditional and family-run spots, but limited diversity","Moderate – some private clinics, major hospitals accessible by car","Moderate – local parks, sports centers, and community events available",Below Average – typically 10–25% cheaper than central neighborhoods,Below Average – rental rates ~20% lower than city center average,Comparable – these areas are already among the most affordable options,"Moderate – mix of older homes and newer developments, more upgrades in newer zones",Serene – quiet residential streets with limited nightlife,"Good – most under 25 mins by car or metro, especially Manises and Aldaia","Moderate – suburban rail or metro available in most areas, but cars still common","High – many suburbs offer access to green zones, gardens, or nearby countryside","High – greenways, walking trails, and municipal sports centers are common","Moderate – must travel to city stadiums, though local clubs and venues exist",Moderate – access to local events and quick train or metro ride to city culture,6,7,8.0,8,6,8,6,5,5,Yes,Manises,"affordable, artsy, family-friendly, urban","easyParking, hasYard, mostlyApartments, nearNature, someIntlSchools, urban"
Aldaia,Affordable suburb with growing services and train access to Valencia,Good for price-sensitive expats and those wanting a local Spanish feel,"Torrent, Xirivella, Paiporta",Moderate – access to local green areas and bike lanes,Moderate – affordable local dining and bakeries,Low – access via public transport or private vehicle,Moderate – walkable center but spread out residential zones,Moderate – growing number of concertados in zone,Low – may need to drive to a pickup point,"Low – few or no starred restaurants, city center is 20–30 mins away","Moderate – access to top-rated traditional and family-run spots, but limited diversity","Moderate – some private clinics, major hospitals accessible by car","Moderate – local parks, sports centers, and community events available",Below Average – typically 10–25% cheaper than central neighborhoods,Below Average – rental rates ~20% lower than city center average,Comparable – these areas are already among the most affordable options,"Moderate – mix of older homes and newer developments, more upgrades in newer zones",Serene – quiet residential streets with limited nightlife,"Good – most under 25 mins by car or metro, especially Manises and Aldaia","Moderate – suburban rail or metro available in most areas, but cars still common","High – many suburbs offer access to green zones, gardens, or nearby countryside","High – greenways, walking trails, and municipal sports centers are common","Moderate – must travel to city stadiums, though local clubs and venues exist",Moderate – access to local events and quick train or metro ride to city culture,6,7,7.0,8,6,7,6,5,5,Yes,Aldaia,"affordable, urban","easyParking, hasYard, mostlyApartments, nearNature, urban"
Catarroja,"Budget-friendly town with direct train, family-oriented atmosphere",Ideal for those wanting affordability and suburban calm with city access,"Benetússer, Alfafar, Sedaví",Moderate – community parks and sports fields,Moderate – growing options with mostly traditional food,"Low – furthest south, school access requires planning","Moderate – town center walkable, but limited mixed use",Moderate – local schools in the Cinturón Verde area,"Low – coverage sparse, not prioritized by schools","Low – few or no starred restaurants, city center is 20–30 mins away","Moderate – access to top-rated traditional and family-run spots, but limited diversity","Moderate – some private clinics, major hospitals accessible by car","Moderate – local parks, sports centers, and community events available",Below Average – typically 10–25% cheaper than central neighborhoods,Below Average – rental rates ~20% lower than city center average,Comparable – these areas are already among the most affordable options,"Moderate – mix of older homes and newer developments, more upgrades in newer zones",Serene – quiet residential streets with limited nightlife,"Good – most under 25 mins by car or metro, especially Manises and Aldaia","Moderate – suburban rail or metro available in most areas, but cars still common","High – many suburbs offer access to green zones, gardens, or nearby countryside","High – greenways, walking trails, and municipal sports centers are common","Moderate – must travel to city stadiums, though local clubs and venues exist",Moderate – access to local events and quick train or metro ride to city culture,6,7,7.0,7,6,7,6,5,5,Yes,Catarroja,"affordable, family-friendly, urban","easyParking, hasYard, lowWalkability, mostlyApartments, nearNature, urban"
